size,path
95,Ibrahim
85,Ibrahim/Ismail
,Ibrahim/Ismail/adnan
,Ibrahim/Ismail/adnan/mad
,Ibrahim/Ismail/adnan/mad/nizar
,Ibrahim/Ismail/adnan/mad/nizar/mudar
,Ibrahim/Ismail/adnan/mad/nizar/mudar/ijas
,Ibrahim/Ismail/adnan/mad/nizar/mudar/ijas/mudrike
,Ibrahim/Ismail/adnan/mad/nizar/mudar/ijas/mudrike/huzejme
,Ibrahim/Ismail/adnan/mad/nizar/mudar/ijas/mudrike/huzejme/kinaneh
,Ibrahim/Ismail/adnan/mad/nizar/mudar/ijas/mudrike/huzejme/kinaneh/nadr
,Ibrahim/Ismail/adnan/mad/nizar/mudar/ijas/mudrike/huzejme/kinaneh/nadr/malik
,Ibrahim/Ismail/adnan/mad/nizar/mudar/ijas/mudrike/huzejme/kinaneh/nadr/malik/fihr
,Ibrahim/Ismail/adnan/mad/nizar/mudar/ijas/mudrike/huzejme/kinaneh/nadr/malik/fihr/galib
,Ibrahim/Ismail/adnan/mad/nizar/mudar/ijas/mudrike/huzejme/kinaneh/nadr/malik/fihr/galib/luej
,Ibrahim/Ismail/adnan/mad/nizar/mudar/ijas/mudrike/huzejme/kinaneh/nadr/malik/fihr/galib/luej/kab
,Ibrahim/Ismail/adnan/mad/nizar/mudar/ijas/mudrike/huzejme/kinaneh/nadr/malik/fihr/galib/luej/kab/adij
,Ibrahim/Ismail/adnan/mad/nizar/mudar/ijas/mudrike/huzejme/kinaneh/nadr/malik/fihr/galib/luej/kab/murre
,Ibrahim/Ismail/adnan/mad/nizar/mudar/ijas/mudrike/huzejme/kinaneh/nadr/malik/fihr/galib/luej/kab/murre/kilab
,Ibrahim/Ismail/adnan/mad/nizar/mudar/ijas/mudrike/huzejme/kinaneh/nadr/malik/fihr/galib/luej/kab/murre/kilab/kusaj
,Ibrahim/Ismail/adnan/mad/nizar/mudar/ijas/mudrike/huzejme/kinaneh/nadr/malik/fihr/galib/luej/kab/murre/kilab/kusaj/abdudar
,Ibrahim/Ismail/adnan/mad/nizar/mudar/ijas/mudrike/huzejme/kinaneh/nadr/malik/fihr/galib/luej/kab/murre/kilab/kusaj/abdumunaf
,Ibrahim/Ismail/adnan/mad/nizar/mudar/ijas/mudrike/huzejme/kinaneh/nadr/malik/fihr/galib/luej/kab/murre/kilab/kusaj/abdumunaf/hashim
,Ibrahim/Ismail/adnan/mad/nizar/mudar/ijas/mudrike/huzejme/kinaneh/nadr/malik/fihr/galib/luej/kab/murre/kilab/kusaj/abdumunaf/hashim/abdulmutalib
,Ibrahim/Ismail/adnan/mad/nizar/mudar/ijas/mudrike/huzejme/kinaneh/nadr/malik/fihr/galib/luej/kab/murre/kilab/kusaj/abdumunaf/hashim/abdulmutalib/abdullah
100,Ibrahim/Ismail/adnan/mad/nizar/mudar/ijas/mudrike/huzejme/kinaneh/nadr/malik/fihr/galib/luej/kab/murre/kilab/kusaj/abdumunaf/hashim/abdulmutalib/abdullah/Muhamed
,Ibrahim/Ismail/adnan/mad/nizar/mudar/ijas/mudrike/huzejme/kinaneh/nadr/malik/fihr/galib/luej/kab/murre/kilab/kusaj/abdumunaf/hashim/abdulmutalib/ebu_talib
35,Ibrahim/Ismail/adnan/mad/nizar/mudar/ijas/mudrike/huzejme/kinaneh/nadr/malik/fihr/galib/luej/kab/murre/kilab/kusaj/abdumunaf/hashim/abdulmutalib/ebu_talib/ali
,Ibrahim/Ismail/adnan/mad/nizar/mudar/ijas/mudrike/huzejme/kinaneh/nadr/malik/fihr/galib/luej/kab/murre/kilab/kusaj/abdumunaf/abdushems
,Ibrahim/Ismail/adnan/mad/nizar/mudar/ijas/mudrike/huzejme/kinaneh/nadr/malik/fihr/galib/luej/kab/murre/kilab/kusaj/abdumunaf/abdushems/umeje
,Ibrahim/Ismail/adnan/mad/nizar/mudar/ijas/mudrike/huzejme/kinaneh/nadr/malik/fihr/galib/luej/kab/murre/kilab/kusaj/abdumunaf/abdushems/umeje/ebul_as
,Ibrahim/Ismail/adnan/mad/nizar/mudar/ijas/mudrike/huzejme/kinaneh/nadr/malik/fihr/galib/luej/kab/murre/kilab/kusaj/abdumunaf/abdushems/umeje/ebul_as/afan
40,Ibrahim/Ismail/adnan/mad/nizar/mudar/ijas/mudrike/huzejme/kinaneh/nadr/malik/fihr/galib/luej/kab/murre/kilab/kusaj/abdumunaf/abdushems/umeje/ebul_as/afan/othman
,Ibrahim/Ismail/adnan/mad/nizar/mudar/ijas/mudrike/huzejme/kinaneh/nadr/malik/fihr/galib/luej/kab/murre/kilab/kusaj/abduluza
,Ibrahim/Ismail/adnan/mad/nizar/mudar/ijas/mudrike/huzejme/kinaneh/nadr/malik/fihr/galib/luej/kab/murre/kilab/kusaj/abduluza/esed
,Ibrahim/Ismail/adnan/mad/nizar/mudar/ijas/mudrike/huzejme/kinaneh/nadr/malik/fihr/galib/luej/kab/murre/kilab/kusaj/abduluza/esed/huvejlid
,Ibrahim/Ismail/adnan/mad/nizar/mudar/ijas/mudrike/huzejme/kinaneh/nadr/malik/fihr/galib/luej/kab/murre/kilab/kusaj/abduluza/esed/huvejlid/hadixhe
,Ibrahim/Ismail/adnan/mad/nizar/mudar/ijas/mudrike/huzejme/kinaneh/nadr/malik/fihr/galib/luej/kab/murre/kilab/zuhre
,Ibrahim/Ismail/adnan/mad/nizar/mudar/ijas/mudrike/huzejme/kinaneh/nadr/malik/fihr/galib/luej/kab/murre/kilab/zuhre/abdumunaf
,Ibrahim/Ismail/adnan/mad/nizar/mudar/ijas/mudrike/huzejme/kinaneh/nadr/malik/fihr/galib/luej/kab/murre/kilab/zuhre/abdumunaf/vehb
,Ibrahim/Ismail/adnan/mad/nizar/mudar/ijas/mudrike/huzejme/kinaneh/nadr/malik/fihr/galib/luej/kab/murre/kilab/zuhre/abdumunaf/vehb/amine
,Ibrahim/Ismail/adnan/mad/nizar/mudar/ijas/mudrike/huzejme/kinaneh/nadr/malik/fihr/galib/luej/kab/murre/tejm
,Ibrahim/Ismail/adnan/mad/nizar/mudar/ijas/mudrike/huzejme/kinaneh/nadr/malik/fihr/galib/luej/kab/murre/tejm/sad
,Ibrahim/Ismail/adnan/mad/nizar/mudar/ijas/mudrike/huzejme/kinaneh/nadr/malik/fihr/galib/luej/kab/murre/tejm/sad/kab_sad
,Ibrahim/Ismail/adnan/mad/nizar/mudar/ijas/mudrike/huzejme/kinaneh/nadr/malik/fihr/galib/luej/kab/murre/tejm/sad/kab_sad/amr
,Ibrahim/Ismail/adnan/mad/nizar/mudar/ijas/mudrike/huzejme/kinaneh/nadr/malik/fihr/galib/luej/kab/murre/tejm/sad/kab_sad/amr/amir
,Ibrahim/Ismail/adnan/mad/nizar/mudar/ijas/mudrike/huzejme/kinaneh/nadr/malik/fihr/galib/luej/kab/murre/tejm/sad/kab_sad/amr/amir/othman_amir
50,Ibrahim/Ismail/adnan/mad/nizar/mudar/ijas/mudrike/huzejme/kinaneh/nadr/malik/fihr/galib/luej/kab/murre/tejm/sad/kab_sad/amr/amir/othman_amir/ebu_bekr
,Ibrahim/Ismail/adnan/mad/nizar/mudar/ijas/mudrike/huzejme/kinaneh/nadr/malik/fihr/galib/luej/kab/adij/rezah
,Ibrahim/Ismail/adnan/mad/nizar/mudar/ijas/mudrike/huzejme/kinaneh/nadr/malik/fihr/galib/luej/kab/adij/rezah/furat
,Ibrahim/Ismail/adnan/mad/nizar/mudar/ijas/mudrike/huzejme/kinaneh/nadr/malik/fihr/galib/luej/kab/adij/rezah/furat/abdullah_furat
,Ibrahim/Ismail/adnan/mad/nizar/mudar/ijas/mudrike/huzejme/kinaneh/nadr/malik/fihr/galib/luej/kab/adij/rezah/furat/abdullah_furat/rabah
,Ibrahim/Ismail/adnan/mad/nizar/mudar/ijas/mudrike/huzejme/kinaneh/nadr/malik/fihr/galib/luej/kab/adij/rezah/furat/abdullah_furat/rabah/abduluza_rabah
,Ibrahim/Ismail/adnan/mad/nizar/mudar/ijas/mudrike/huzejme/kinaneh/nadr/malik/fihr/galib/luej/kab/adij/rezah/furat/abdullah_furat/rabah/abduluza_rabah/nufejl
,Ibrahim/Ismail/adnan/mad/nizar/mudar/ijas/mudrike/huzejme/kinaneh/nadr/malik/fihr/galib/luej/kab/adij/rezah/furat/abdullah_furat/rabah/abduluza_rabah/nufejl/hatab
45,Ibrahim/Ismail/adnan/mad/nizar/mudar/ijas/mudrike/huzejme/kinaneh/nadr/malik/fihr/galib/luej/kab/adij/rezah/furat/abdullah_furat/rabah/abduluza_rabah/nufejl/hatab/omer